user_id,name,skills,experience_years,education,location
12,Tín Nguyễn,"React,PHP,SQL",3,"",Cao Bằng
13,truongma,"HTML,CSS,Javascript",1,"",Nam Định
14,Hoàng Khánh,"SQL,Flask,AI,WebSocket",5,"",Yên Bái
15,JackMa,"React,Node,Flask",4,"",Hà Nội
27,Hau Nguyen,"React,Java,WebSocket,Flask,AI",9,"",TP Hồ Chí Minh
128,Trần Thị Bình,"Node.js,React,Vue,Angular",1,"",An Giang
129,Lê Anh Châu,"React,Vue,Angular,Java,Spring Boot",2,"",An Giang
130,Phạm Minh Dũng,"Vue,Angular,Java,Spring Boot,Python,Django",3,"",An Giang
131,Hoàng Quang Hà,"Angular,Java,Spring Boot",4,"",Bà Rịa - Vũng Tàu
132,Phan Thu Hải,"Java,Spring Boot,Python,Django",5,"",Bà Rịa - Vũng Tàu
133,Vũ Hồng Hưng,"Spring Boot,Python,Django,Flask,C#",6,"",Bà Rịa - Vũng Tàu
134,Võ Tuấn Kiên,"Python,Django,Flask,C#,.NET,SQL",7,"",Bà Rịa - Vũng Tàu
135,Đặng Duy Linh,"Django,Flask,C#",8,"",Bắc Giang
136,Bùi Ngọc Phong,"Flask,C#,.NET,SQL",9,"",Bắc Giang
137,Nguyễn Văn Sơn,"C#,.NET,SQL,PostgreSQL,MySQL",10,"",Bắc Giang
138,Trần Thị Thảo,".NET,SQL,PostgreSQL,MySQL,MongoDB,Redis",0,"",Bắc Kạn
139,Lê Anh Trang,"SQL,PostgreSQL,MySQL",1,"",Bắc Kạn
140,Phạm Minh Trí,"PostgreSQL,MySQL,MongoDB,Redis",2,"",Bạc Liêu
141,Hoàng Quang Vy,"MySQL,MongoDB,Redis,Docker,Kubernetes",3,"",Bạc Liêu
142,Phan Thu An,"MongoDB,Redis,Docker,Kubernetes,AWS,GCP",4,"",Bắc Ninh
143,Vũ Hồng Bình,"Redis,Docker,Kubernetes",5,"",Bắc Ninh
144,Võ Tuấn Châu,"Docker,Kubernetes,AWS,GCP",6,"",Bắc Ninh
145,Đặng Duy Dũng,"Kubernetes,AWS,GCP,Azure,Git",7,"",Bến Tre
146,Bùi Ngọc Hà,"AWS,GCP,Azure,Git,HTML,CSS",8,"",Bến Tre
147,Nguyễn Văn Hải,"GCP,Azure,Git",9,"",Bình Dương
148,Trần Thị Hưng,"Azure,Git,HTML,CSS",10,"",Bình Dương
149,Lê Anh Kiên,"Git,HTML,CSS,Tailwind,Sass",0,"",Bình Dương
150,Phạm Minh Linh,"HTML,CSS,Tailwind,Sass,REST,GraphQL",1,"",Bình Dương
151,Hoàng Quang Phong,"CSS,Tailwind,Sass",2,"",Bình Dương
152,Phan Thu Sơn,"Tailwind,Sass,REST,GraphQL",3,"",Bình Định
153,Vũ Hồng Thảo,"Sass,REST,GraphQL,JavaScript,TypeScript",4,"",Bình Định
154,Võ Tuấn Trang,"REST,GraphQL,JavaScript,TypeScript,Node.js,React",5,"",Bình Định
155,Đặng Duy Trí,"GraphQL,JavaScript,TypeScript",6,"",Bình Phước
156,Bùi Ngọc Vy,"JavaScript,TypeScript,Node.js,React",7,"",Bình Phước
157,Nguyễn Văn An,"TypeScript,Node.js,React,Vue,Angular",8,"",Bình Phước
158,Trần Thị Bình,"Node.js,React,Vue,Angular,Java,Spring Boot",9,"",Bình Thuận
159,Lê Anh Châu,"React,Vue,Angular",10,"",Bình Thuận
160,Phạm Minh Dũng,"Vue,Angular,Java,Spring Boot",0,"",Bình Thuận
161,Hoàng Quang Hà,"Angular,Java,Spring Boot,Python,Django",1,"",Cà Mau
162,Phan Thu Hải,"Java,Spring Boot,Python,Django,Flask,C#",2,"",Cà Mau
163,Vũ Hồng Hưng,"Spring Boot,Python,Django",3,"",Cà Mau
164,Võ Tuấn Kiên,"Python,Django,Flask,C#",4,"",Cần Thơ
165,Đặng Duy Linh,"Django,Flask,C#,.NET,SQL",5,"",Cần Thơ
166,Bùi Ngọc Phong,"Flask,C#,.NET,SQL,PostgreSQL,MySQL",6,"",Cần Thơ
167,Nguyễn Văn Sơn,"C#,.NET,SQL",7,"",Cần Thơ
168,Trần Thị Thảo,".NET,SQL,PostgreSQL,MySQL",8,"",Cao Bằng
169,Lê Anh Trang,"SQL,PostgreSQL,MySQL,MongoDB,Redis",9,"",Cao Bằng
170,Phạm Minh Trí,"PostgreSQL,MySQL,MongoDB,Redis,Docker,Kubernetes",10,"",Đà Nẵng
171,Hoàng Quang Vy,"MySQL,MongoDB,Redis",0,"",Đà Nẵng
172,Phan Thu An,"MongoDB,Redis,Docker,Kubernetes",1,"",Đà Nẵng
173,Vũ Hồng Bình,"Redis,Docker,Kubernetes,AWS,GCP",2,"",Đà Nẵng
174,Võ Tuấn Châu,"Docker,Kubernetes,AWS,GCP,Azure,Git",3,"",Đắk Lắk
175,Đặng Duy Dũng,"Kubernetes,AWS,GCP",4,"",Đắk Lắk
176,Bùi Ngọc Hà,"AWS,GCP,Azure,Git",5,"",Đắk Lắk
177,Nguyễn Văn Hải,"GCP,Azure,Git,HTML,CSS",6,"",Đắk Nông
178,Trần Thị Hưng,"Azure,Git,HTML,CSS,Tailwind,Sass",7,"",Đắk Nông
179,Lê Anh Kiên,"Git,HTML,CSS",8,"",Điện Biên
180,Phạm Minh Linh,"HTML,CSS,Tailwind,Sass",9,"",Điện Biên
181,Hoàng Quang Phong,"CSS,Tailwind,Sass,REST,GraphQL",10,"",Đồng Nai
182,Phan Thu Sơn,"Tailwind,Sass,REST,GraphQL,JavaScript,TypeScript",0,"",Đồng Nai
183,Vũ Hồng Thảo,"Sass,REST,GraphQL",1,"",Đồng Nai
184,Võ Tuấn Trang,"REST,GraphQL,JavaScript,TypeScript",2,"",Đồng Tháp
185,Đặng Duy Trí,"GraphQL,JavaScript,TypeScript,Node.js,React",3,"",Đồng Tháp
186,Bùi Ngọc Vy,"JavaScript,TypeScript,Node.js,React,Vue,Angular",4,"",Đồng Tháp
187,Nguyễn Văn An,"TypeScript,Node.js,React",5,"",Gia Lai
188,Trần Thị Bình,"Node.js,React,Vue,Angular",6,"",Gia Lai
189,Lê Anh Châu,"React,Vue,Angular,Java,Spring Boot",7,"",Gia Lai
190,Phạm Minh Dũng,"Vue,Angular,Java,Spring Boot,Python,Django",8,"",Hà Giang
191,Hoàng Quang Hà,"Angular,Java,Spring Boot",9,"",Hà Giang
192,Phan Thu Hải,"Java,Spring Boot,Python,Django",10,"",Hà Giang
193,Vũ Hồng Hưng,"Spring Boot,Python,Django,Flask,C#",0,"",Hà Nam
194,Võ Tuấn Kiên,"Python,Django,Flask,C#,.NET,SQL",1,"",Hà Nam
195,Đặng Duy Linh,"Django,Flask,C#",2,"",Hà Nội
196,Bùi Ngọc Phong,"Flask,C#,.NET,SQL",3,"",Hà Nội
197,Nguyễn Văn Sơn,"C#,.NET,SQL,PostgreSQL,MySQL",4,"",Hà Nội
198,Trần Thị Thảo,".NET,SQL,PostgreSQL,MySQL,MongoDB,Redis",5,"",Hà Nội
199,Lê Anh Trang,"SQL,PostgreSQL,MySQL",6,"",Hà Nội
200,Phạm Minh Trí,"PostgreSQL,MySQL,MongoDB,Redis",7,"",Hà Nội
201,Hoàng Quang Vy,"MySQL,MongoDB,Redis,Docker,Kubernetes",8,"",Hà Nội
202,Phan Thu An,"MongoDB,Redis,Docker,Kubernetes,AWS,GCP",9,"",Hà Nội
203,Vũ Hồng Bình,"Redis,Docker,Kubernetes",10,"",Hà Nội
204,Võ Tuấn Châu,"Docker,Kubernetes,AWS,GCP",0,"",Hà Nội
205,Đặng Duy Dũng,"Kubernetes,AWS,GCP,Azure,Git",1,"",Hà Nội
206,Bùi Ngọc Hà,"AWS,GCP,Azure,Git,HTML,CSS",2,"",Hà Nội
207,Nguyễn Văn Hải,"GCP,Azure,Git",3,"",Hà Nội
208,Trần Thị Hưng,"Azure,Git,HTML,CSS",4,"",Hà Nội
209,Lê Anh Kiên,"Git,HTML,CSS,Tailwind,Sass",5,"",Hà Nội
210,Phạm Minh Linh,"HTML,CSS,Tailwind,Sass,REST,GraphQL",6,"",Hà Nội
211,Hoàng Quang Phong,"CSS,Tailwind,Sass",7,"",Hà Nội
212,Phan Thu Sơn,"Tailwind,Sass,REST,GraphQL",8,"",Hà Nội
213,Vũ Hồng Thảo,"Sass,REST,GraphQL,JavaScript,TypeScript",9,"",Hà Nội
214,Võ Tuấn Trang,"REST,GraphQL,JavaScript,TypeScript,Node.js,React",10,"",Hà Nội
215,Đặng Duy Trí,"GraphQL,JavaScript,TypeScript",0,"",Hà Nội
216,Bùi Ngọc Vy,"JavaScript,TypeScript,Node.js,React",1,"",Hà Nội
217,Nguyễn Văn An,"TypeScript,Node.js,React,Vue,Angular",2,"",Hà Nội
218,Trần Thị Bình,"Node.js,React,Vue,Angular,Java,Spring Boot",3,"",Hà Nội
219,Lê Anh Châu,"React,Vue,Angular",4,"",Hà Nội
220,Phạm Minh Dũng,"Vue,Angular,Java,Spring Boot",5,"",Hà Nội
221,Hoàng Quang Hà,"Angular,Java,Spring Boot,Python,Django",6,"",Hà Nội
222,Phan Thu Hải,"Java,Spring Boot,Python,Django,Flask,C#",7,"",Hà Nội
223,Vũ Hồng Hưng,"Spring Boot,Python,Django",8,"",Hà Nội
224,Võ Tuấn Kiên,"Python,Django,Flask,C#",9,"",Hà Tĩnh
225,Đặng Duy Linh,"Django,Flask,C#,.NET,SQL",10,"",Hà Tĩnh
226,Bùi Ngọc Phong,"Flask,C#,.NET,SQL,PostgreSQL,MySQL",0,"",Hà Tĩnh
227,Nguyễn Văn Sơn,"C#,.NET,SQL",1,"",Hải Dương
228,Nguyễn Văn Sơn,"C#,.NET,SQL,PostgreSQL,MySQL",10,"",Bắc Giang
229,Trần Thị Thảo,".NET,SQL,PostgreSQL,MySQL,MongoDB,Redis",0,"",Bắc Kạn
230,Lê Anh Trang,"SQL,PostgreSQL,MySQL",1,"",Bắc Kạn
231,Phạm Minh Trí,"PostgreSQL,MySQL,MongoDB,Redis",2,"",Bạc Liêu
232,Hoàng Quang Vy,"MySQL,MongoDB,Redis,Docker,Kubernetes",3,"",Bạc Liêu
233,Phan Thu An,"MongoDB,Redis,Docker,Kubernetes,AWS,GCP",4,"",Bắc Ninh
234,Vũ Hồng Bình,"Redis,Docker,Kubernetes",5,"",Bắc Ninh
235,Võ Tuấn Châu,"Docker,Kubernetes,AWS,GCP",6,"",Bắc Ninh
236,Đặng Duy Dũng,"Kubernetes,AWS,GCP,Azure,Git",7,"",Bến Tre
237,Bùi Ngọc Hà,"AWS,GCP,Azure,Git,HTML,CSS",8,"",Bến Tre
238,Nguyễn Văn Hải,"GCP,Azure,Git",9,"",Bình Dương
239,Trần Thị Hưng,"Azure,Git,HTML,CSS",10,"",Bình Dương
240,Lê Anh Kiên,"Git,HTML,CSS,Tailwind,Sass",0,"",Bình Dương
241,Phạm Minh Linh,"HTML,CSS,Tailwind,Sass,REST,GraphQL",1,"",Bình Dương
242,Hoàng Quang Phong,"CSS,Tailwind,Sass",2,"",Bình Dương
243,Phan Thu Sơn,"Tailwind,Sass,REST,GraphQL",3,"",Bình Định
244,Vũ Hồng Thảo,"Sass,REST,GraphQL,JavaScript,TypeScript",4,"",Bình Định
245,Võ Tuấn Trang,"REST,GraphQL,JavaScript,TypeScript,Node.js,React",5,"",Bình Định
246,Đặng Duy Trí,"GraphQL,JavaScript,TypeScript",6,"",Bình Phước
247,Bùi Ngọc Vy,"JavaScript,TypeScript,Node.js,React",7,"",Bình Phước
248,Nguyễn Văn An,"TypeScript,Node.js,React,Vue,Angular",8,"",Bình Phước
249,Trần Thị Bình,"Node.js,React,Vue,Angular,Java,Spring Boot",9,"",Bình Thuận
250,Lê Anh Châu,"React,Vue,Angular",10,"",Bình Thuận
251,Phạm Minh Dũng,"Vue,Angular,Java,Spring Boot",0,"",Bình Thuận
252,Hoàng Quang Hà,"Angular,Java,Spring Boot,Python,Django",1,"",Cà Mau
253,Phan Thu Hải,"Java,Spring Boot,Python,Django,Flask,C#",2,"",Cà Mau
254,Vũ Hồng Hưng,"Spring Boot,Python,Django",3,"",Cà Mau
255,Võ Tuấn Kiên,"Python,Django,Flask,C#",4,"",Cần Thơ
256,Đặng Duy Linh,"Django,Flask,C#,.NET,SQL",5,"",Cần Thơ
257,Bùi Ngọc Phong,"Flask,C#,.NET,SQL,PostgreSQL,MySQL",6,"",Cần Thơ
258,Nguyễn Văn Sơn,"C#,.NET,SQL",7,"",Cần Thơ
259,Trần Thị Thảo,".NET,SQL,PostgreSQL,MySQL",8,"",Cao Bằng
260,Lê Anh Trang,"SQL,PostgreSQL,MySQL,MongoDB,Redis",9,"",Cao Bằng
261,Phạm Minh Trí,"PostgreSQL,MySQL,MongoDB,Redis,Docker,Kubernetes",10,"",Đà Nẵng
262,Hoàng Quang Vy,"MySQL,MongoDB,Redis",0,"",Đà Nẵng
263,Phan Thu An,"MongoDB,Redis,Docker,Kubernetes",1,"",Đà Nẵng
264,Vũ Hồng Bình,"Redis,Docker,Kubernetes,AWS,GCP",2,"",Đà Nẵng
265,Võ Tuấn Châu,"Docker,Kubernetes,AWS,GCP,Azure,Git",3,"",Đắk Lắk
266,Đặng Duy Dũng,"Kubernetes,AWS,GCP",4,"",Đắk Lắk
267,Bùi Ngọc Hà,"AWS,GCP,Azure,Git",5,"",Đắk Lắk
268,Nguyễn Văn Hải,"GCP,Azure,Git,HTML,CSS",6,"",Đắk Nông
269,Trần Thị Hưng,"Azure,Git,HTML,CSS,Tailwind,Sass",7,"",Đắk Nông
270,Lê Anh Kiên,"Git,HTML,CSS",8,"",Điện Biên
271,Phạm Minh Linh,"HTML,CSS,Tailwind,Sass",9,"",Điện Biên
272,Hoàng Quang Phong,"CSS,Tailwind,Sass,REST,GraphQL",10,"",Đồng Nai
273,Phan Thu Sơn,"Tailwind,Sass,REST,GraphQL,JavaScript,TypeScript",0,"",Đồng Nai
274,Vũ Hồng Thảo,"Sass,REST,GraphQL",1,"",Đồng Nai
275,Võ Tuấn Trang,"REST,GraphQL,JavaScript,TypeScript",2,"",Đồng Tháp
276,Đặng Duy Trí,"GraphQL,JavaScript,TypeScript,Node.js,React",3,"",Đồng Tháp
277,Bùi Ngọc Vy,"JavaScript,TypeScript,Node.js,React,Vue,Angular",4,"",Đồng Tháp
278,Nguyễn Văn An,"TypeScript,Node.js,React",5,"",Gia Lai
279,Trần Thị Bình,"Node.js,React,Vue,Angular",6,"",Gia Lai
280,Lê Anh Châu,"React,Vue,Angular,Java,Spring Boot",7,"",Gia Lai
281,Phạm Minh Dũng,"Vue,Angular,Java,Spring Boot,Python,Django",8,"",Hà Giang
282,Hoàng Quang Hà,"Angular,Java,Spring Boot",9,"",Hà Giang
283,Phan Thu Hải,"Java,Spring Boot,Python,Django",10,"",Hà Giang
284,Vũ Hồng Hưng,"Spring Boot,Python,Django,Flask,C#",0,"",Hà Nam
285,Võ Tuấn Kiên,"Python,Django,Flask,C#,.NET,SQL",1,"",Hà Nam
286,Đặng Duy Linh,"Django,Flask,C#",2,"",Hà Nội
287,Bùi Ngọc Phong,"Flask,C#,.NET,SQL",3,"",Hà Nội
288,Nguyễn Văn Sơn,"C#,.NET,SQL,PostgreSQL,MySQL",4,"",Hà Nội
289,Trần Thị Thảo,".NET,SQL,PostgreSQL,MySQL,MongoDB,Redis",5,"",Hà Nội
290,Lê Anh Trang,"SQL,PostgreSQL,MySQL",6,"",Hà Nội
291,Phạm Minh Trí,"PostgreSQL,MySQL,MongoDB,Redis",7,"",Hà Nội
292,Hoàng Quang Vy,"MySQL,MongoDB,Redis,Docker,Kubernetes",8,"",Hà Nội
293,Phan Thu An,"MongoDB,Redis,Docker,Kubernetes,AWS,GCP",9,"",Hà Nội
294,Vũ Hồng Bình,"Redis,Docker,Kubernetes",10,"",Hà Nội
295,Võ Tuấn Châu,"Docker,Kubernetes,AWS,GCP",0,"",Hà Nội
296,Đặng Duy Dũng,"Kubernetes,AWS,GCP,Azure,Git",1,"",Hà Nội
297,Bùi Ngọc Hà,"AWS,GCP,Azure,Git,HTML,CSS",2,"",Hà Nội
298,Nguyễn Văn Hải,"GCP,Azure,Git",3,"",Hà Nội
299,Trần Thị Hưng,"Azure,Git,HTML,CSS",4,"",Hà Nội
300,Lê Anh Kiên,"Git,HTML,CSS,Tailwind,Sass",5,"",Hà Nội
301,Phạm Minh Linh,"HTML,CSS,Tailwind,Sass,REST,GraphQL",6,"",Hà Nội
302,Hoàng Quang Phong,"CSS,Tailwind,Sass",7,"",Hà Nội
303,Phan Thu Sơn,"Tailwind,Sass,REST,GraphQL",8,"",Hà Nội
304,Vũ Hồng Thảo,"Sass,REST,GraphQL,JavaScript,TypeScript",9,"",Hà Nội
305,Võ Tuấn Trang,"REST,GraphQL,JavaScript,TypeScript,Node.js,React",10,"",Hà Nội
306,Đặng Duy Trí,"GraphQL,JavaScript,TypeScript",0,"",Hà Nội
307,Bùi Ngọc Vy,"JavaScript,TypeScript,Node.js,React",1,"",Hà Nội
308,Nguyễn Văn An,"TypeScript,Node.js,React,Vue,Angular",2,"",Hà Nội
309,Trần Thị Bình,"Node.js,React,Vue,Angular,Java,Spring Boot",3,"",Hà Nội
310,Lê Anh Châu,"React,Vue,Angular",4,"",Hà Nội
311,Phạm Minh Dũng,"Vue,Angular,Java,Spring Boot",5,"",Hà Nội
312,Hoàng Quang Hà,"Angular,Java,Spring Boot,Python,Django",6,"",Hà Nội
313,Phan Thu Hải,"Java,Spring Boot,Python,Django,Flask,C#",7,"",Hà Nội
314,Vũ Hồng Hưng,"Spring Boot,Python,Django",8,"",Hà Nội
315,Võ Tuấn Kiên,"Python,Django,Flask,C#",9,"",Hà Tĩnh
316,Đặng Duy Linh,"Django,Flask,C#,.NET,SQL",10,"",Hà Tĩnh
317,Bùi Ngọc Phong,"Flask,C#,.NET,SQL,PostgreSQL,MySQL",0,"",Hà Tĩnh
318,Trần Thị Bình,"Node.js,React,Vue,Angular",1,"",An Giang
319,Lê Anh Châu,"React,Vue,Angular,Java,Spring Boot",2,"",An Giang
320,Phạm Minh Dũng,"Vue,Angular,Java,Spring Boot,Python,Django",3,"",An Giang
321,Hoàng Quang Hà,"Angular,Java,Spring Boot",4,"",Bà Rịa - Vũng Tàu
322,Phan Thu Hải,"Java,Spring Boot,Python,Django",5,"",Bà Rịa - Vũng Tàu
323,Vũ Hồng Hưng,"Spring Boot,Python,Django,Flask,C#",6,"",Bà Rịa - Vũng Tàu
324,Võ Tuấn Kiên,"Python,Django,Flask,C#,.NET,SQL",7,"",Bà Rịa - Vũng Tàu
325,Đặng Duy Linh,"Django,Flask,C#",8,"",Bắc Giang
326,Bùi Ngọc Phong,"Flask,C#,.NET,SQL",9,"",Bắc Giang
327,Nguyễn Văn Sơn,"C#,.NET,SQL,PostgreSQL,MySQL",10,"",Bắc Giang
328,Trần Thị Thảo,".NET,SQL,PostgreSQL,MySQL,MongoDB,Redis",0,"",Bắc Kạn
329,Lê Anh Trang,"SQL,PostgreSQL,MySQL",1,"",Bắc Kạn
330,Phạm Minh Trí,"PostgreSQL,MySQL,MongoDB,Redis",2,"",Bạc Liêu
331,Hoàng Quang Vy,"MySQL,MongoDB,Redis,Docker,Kubernetes",3,"",Bạc Liêu
332,Phan Thu An,"MongoDB,Redis,Docker,Kubernetes,AWS,GCP",4,"",Bắc Ninh
333,Vũ Hồng Bình,"Redis,Docker,Kubernetes",5,"",Bắc Ninh
334,Võ Tuấn Châu,"Docker,Kubernetes,AWS,GCP",6,"",Bắc Ninh
335,Đặng Duy Dũng,"Kubernetes,AWS,GCP,Azure,Git",7,"",Bến Tre
336,Bùi Ngọc Hà,"AWS,GCP,Azure,Git,HTML,CSS",8,"",Bến Tre
337,Nguyễn Văn Hải,"GCP,Azure,Git",9,"",Bình Dương
338,Trần Thị Hưng,"Azure,Git,HTML,CSS",10,"",Bình Dương
339,Lê Anh Kiên,"Git,HTML,CSS,Tailwind,Sass",0,"",Bình Dương
340,Phạm Minh Linh,"HTML,CSS,Tailwind,Sass,REST,GraphQL",1,"",Bình Dương
341,Hoàng Quang Phong,"CSS,Tailwind,Sass",2,"",Bình Dương
342,Phan Thu Sơn,"Tailwind,Sass,REST,GraphQL",3,"",Bình Định
343,Vũ Hồng Thảo,"Sass,REST,GraphQL,JavaScript,TypeScript",4,"",Bình Định
344,Võ Tuấn Trang,"REST,GraphQL,JavaScript,TypeScript,Node.js,React",5,"",Bình Định
345,Đặng Duy Trí,"GraphQL,JavaScript,TypeScript",6,"",Bình Phước
346,Bùi Ngọc Vy,"JavaScript,TypeScript,Node.js,React",7,"",Bình Phước
347,Nguyễn Văn An,"TypeScript,Node.js,React,Vue,Angular",8,"",Bình Phước
348,Trần Thị Bình,"Node.js,React,Vue,Angular,Java,Spring Boot",9,"",Bình Thuận
349,Lê Anh Châu,"React,Vue,Angular",10,"",Bình Thuận
350,Phạm Minh Dũng,"Vue,Angular,Java,Spring Boot",0,"",Bình Thuận
351,Hoàng Quang Hà,"Angular,Java,Spring Boot,Python,Django",1,"",Cà Mau
352,Phan Thu Hải,"Java,Spring Boot,Python,Django,Flask,C#",2,"",Cà Mau
353,Vũ Hồng Hưng,"Spring Boot,Python,Django",3,"",Cà Mau
354,Võ Tuấn Kiên,"Python,Django,Flask,C#",4,"",Cần Thơ
355,Đặng Duy Linh,"Django,Flask,C#,.NET,SQL",5,"",Cần Thơ
356,Bùi Ngọc Phong,"Flask,C#,.NET,SQL,PostgreSQL,MySQL",6,"",Cần Thơ
357,Nguyễn Văn Sơn,"C#,.NET,SQL",7,"",Cần Thơ
358,Trần Thị Thảo,".NET,SQL,PostgreSQL,MySQL",8,"",Cao Bằng
359,Lê Anh Trang,"SQL,PostgreSQL,MySQL,MongoDB,Redis",9,"",Cao Bằng
360,Phạm Minh Trí,"PostgreSQL,MySQL,MongoDB,Redis,Docker,Kubernetes",10,"",Đà Nẵng
361,Hoàng Quang Vy,"MySQL,MongoDB,Redis",0,"",Đà Nẵng
362,Phan Thu An,"MongoDB,Redis,Docker,Kubernetes",1,"",Đà Nẵng
363,Vũ Hồng Bình,"Redis,Docker,Kubernetes,AWS,GCP",2,"",Đà Nẵng
364,Võ Tuấn Châu,"Docker,Kubernetes,AWS,GCP,Azure,Git",3,"",Đắk Lắk
365,Đặng Duy Dũng,"Kubernetes,AWS,GCP",4,"",Đắk Lắk
366,Bùi Ngọc Hà,"AWS,GCP,Azure,Git",5,"",Đắk Lắk
367,Nguyễn Văn Hải,"GCP,Azure,Git,HTML,CSS",6,"",Đắk Nông
368,Trần Thị Hưng,"Azure,Git,HTML,CSS,Tailwind,Sass",7,"",Đắk Nông
369,Lê Anh Kiên,"Git,HTML,CSS",8,"",Điện Biên
370,Phạm Minh Linh,"HTML,CSS,Tailwind,Sass",9,"",Điện Biên
371,Hoàng Quang Phong,"CSS,Tailwind,Sass,REST,GraphQL",10,"",Đồng Nai
372,Phan Thu Sơn,"Tailwind,Sass,REST,GraphQL,JavaScript,TypeScript",0,"",Đồng Nai
373,Vũ Hồng Thảo,"Sass,REST,GraphQL",1,"",Đồng Nai
374,Võ Tuấn Trang,"REST,GraphQL,JavaScript,TypeScript",2,"",Đồng Tháp
375,Đặng Duy Trí,"GraphQL,JavaScript,TypeScript,Node.js,React",3,"",Đồng Tháp
376,Bùi Ngọc Vy,"JavaScript,TypeScript,Node.js,React,Vue,Angular",4,"",Đồng Tháp
377,Nguyễn Văn An,"TypeScript,Node.js,React",5,"",Gia Lai
378,Trần Thị Bình,"Node.js,React,Vue,Angular",6,"",Gia Lai
379,Lê Anh Châu,"React,Vue,Angular,Java,Spring Boot",7,"",Gia Lai
380,Phạm Minh Dũng,"Vue,Angular,Java,Spring Boot,Python,Django",8,"",Hà Giang
381,Hoàng Quang Hà,"Angular,Java,Spring Boot",9,"",Hà Giang
382,Phan Thu Hải,"Java,Spring Boot,Python,Django",10,"",Hà Giang
383,Vũ Hồng Hưng,"Spring Boot,Python,Django,Flask,C#",0,"",Hà Nam
384,Võ Tuấn Kiên,"Python,Django,Flask,C#,.NET,SQL",1,"",Hà Nam
385,Đặng Duy Linh,"Django,Flask,C#",2,"",Hà Nội
386,Bùi Ngọc Phong,"Flask,C#,.NET,SQL",3,"",Hà Nội
387,Nguyễn Văn Sơn,"C#,.NET,SQL,PostgreSQL,MySQL",4,"",Hà Nội
388,Trần Thị Thảo,".NET,SQL,PostgreSQL,MySQL,MongoDB,Redis",5,"",Hà Nội
389,Lê Anh Trang,"SQL,PostgreSQL,MySQL",6,"",Hà Nội
390,Phạm Minh Trí,"PostgreSQL,MySQL,MongoDB,Redis",7,"",Hà Nội
391,Hoàng Quang Vy,"MySQL,MongoDB,Redis,Docker,Kubernetes",8,"",Hà Nội
392,Phan Thu An,"MongoDB,Redis,Docker,Kubernetes,AWS,GCP",9,"",Hà Nội
393,Vũ Hồng Bình,"Redis,Docker,Kubernetes",10,"",Hà Nội
394,Võ Tuấn Châu,"Docker,Kubernetes,AWS,GCP",0,"",Hà Nội
395,Đặng Duy Dũng,"Kubernetes,AWS,GCP,Azure,Git",1,"",Hà Nội
396,Bùi Ngọc Hà,"AWS,GCP,Azure,Git,HTML,CSS",2,"",Hà Nội
397,Nguyễn Văn Hải,"GCP,Azure,Git",3,"",Hà Nội
398,Trần Thị Hưng,"Azure,Git,HTML,CSS",4,"",Hà Nội
399,Lê Anh Kiên,"Git,HTML,CSS,Tailwind,Sass",5,"",Hà Nội
400,Phạm Minh Linh,"HTML,CSS,Tailwind,Sass,REST,GraphQL",6,"",Hà Nội
401,Hoàng Quang Phong,"CSS,Tailwind,Sass",7,"",Hà Nội
402,Phan Thu Sơn,"Tailwind,Sass,REST,GraphQL",8,"",Hà Nội
403,Vũ Hồng Thảo,"Sass,REST,GraphQL,JavaScript,TypeScript",9,"",Hà Nội
404,Võ Tuấn Trang,"REST,GraphQL,JavaScript,TypeScript,Node.js,React",10,"",Hà Nội
405,Đặng Duy Trí,"GraphQL,JavaScript,TypeScript",0,"",Hà Nội
406,Bùi Ngọc Vy,"JavaScript,TypeScript,Node.js,React",1,"",Hà Nội
407,Nguyễn Văn An,"TypeScript,Node.js,React,Vue,Angular",2,"",Hà Nội
408,Trần Thị Bình,"Node.js,React,Vue,Angular,Java,Spring Boot",3,"",Hà Nội
409,Lê Anh Châu,"React,Vue,Angular",4,"",Hà Nội
410,Phạm Minh Dũng,"Vue,Angular,Java,Spring Boot",5,"",Hà Nội
411,Hoàng Quang Hà,"Angular,Java,Spring Boot,Python,Django",6,"",Hà Nội
412,Phan Thu Hải,"Java,Spring Boot,Python,Django,Flask,C#",7,"",Hà Nội
413,Vũ Hồng Hưng,"Spring Boot,Python,Django",8,"",Hà Nội
414,Võ Tuấn Kiên,"Python,Django,Flask,C#",9,"",Hà Tĩnh
415,Đặng Duy Linh,"Django,Flask,C#,.NET,SQL",10,"",Hà Tĩnh
416,Bùi Ngọc Phong,"Flask,C#,.NET,SQL,PostgreSQL,MySQL",0,"",Hà Tĩnh
417,Nguyễn Văn Sơn,"C#,.NET,SQL",1,"",Hải Dương
418,Trần Thị Thảo,".NET,SQL,PostgreSQL,MySQL",2,"",Hải Dương
419,Lê Anh Trang,"SQL,PostgreSQL,MySQL,MongoDB,Redis",3,"",Hải Dương
420,Phạm Minh Trí,"PostgreSQL,MySQL,MongoDB,Redis,Docker,Kubernetes",4,"",Hải Phòng
421,Hoàng Quang Vy,"MySQL,MongoDB,Redis",5,"",Hải Phòng
422,Phan Thu An,"MongoDB,Redis,Docker,Kubernetes",6,"",Hải Phòng
423,Vũ Hồng Bình,"Redis,Docker,Kubernetes,AWS,GCP",7,"",Hải Phòng
424,Võ Tuấn Châu,"Docker,Kubernetes,AWS,GCP,Azure,Git",8,"",Hải Phòng
425,Đặng Duy Dũng,"Kubernetes,AWS,GCP",9,"",Hậu Giang
426,Bùi Ngọc Hà,"AWS,GCP,Azure,Git",10,"",Hậu Giang
427,Nguyễn Văn Hải,"GCP,Azure,Git,HTML,CSS",0,"",Hậu Giang
428,Trần Thị Hưng,"Azure,Git,HTML,CSS,Tailwind,Sass",1,"",Hoà Bình
429,Lê Anh Kiên,"Git,HTML,CSS",2,"",Hoà Bình
430,Phạm Minh Linh,"HTML,CSS,Tailwind,Sass",3,"",Hưng Yên
431,Hoàng Quang Phong,"CSS,Tailwind,Sass,REST,GraphQL",4,"",Hưng Yên
432,Phan Thu Sơn,"Tailwind,Sass,REST,GraphQL,JavaScript,TypeScript",5,"",Hưng Yên
433,Vũ Hồng Thảo,"Sass,REST,GraphQL",6,"",Kiên Giang
434,Võ Tuấn Trang,"REST,GraphQL,JavaScript,TypeScript",7,"",Kiên Giang
435,Đặng Duy Trí,"GraphQL,JavaScript,TypeScript,Node.js,React",8,"",Kiên Giang
436,Bùi Ngọc Vy,"JavaScript,TypeScript,Node.js,React,Vue,Angular",9,"",Kon Tum
437,Nguyễn Văn An,"TypeScript,Node.js,React",10,"",Kon Tum
438,Trần Thị Bình,"Node.js,React,Vue,Angular",0,"",Khánh Hòa
439,Lê Anh Châu,"React,Vue,Angular,Java,Spring Boot",1,"",Khánh Hòa
440,Phạm Minh Dũng,"Vue,Angular,Java,Spring Boot,Python,Django",2,"",Khánh Hòa
441,Hoàng Quang Hà,"Angular,Java,Spring Boot",3,"",Lai Châu
442,Phan Thu Hải,"Java,Spring Boot,Python,Django",4,"",Lai Châu
443,Vũ Hồng Hưng,"Spring Boot,Python,Django,Flask,C#",5,"",Lạng Sơn
444,Võ Tuấn Kiên,"Python,Django,Flask,C#,.NET,SQL",6,"",Lạng Sơn
445,Đặng Duy Linh,"Django,Flask,C#",7,"",Lào Cai
446,Bùi Ngọc Phong,"Flask,C#,.NET,SQL",8,"",Lào Cai
447,Nguyễn Văn Sơn,"C#,.NET,SQL,PostgreSQL,MySQL",9,"",Lào Cai
448,Trần Thị Thảo,".NET,SQL,PostgreSQL,MySQL,MongoDB,Redis",10,"",Lâm Đồng
449,Lê Anh Trang,"SQL,PostgreSQL,MySQL",0,"",Lâm Đồng
450,Phạm Minh Trí,"PostgreSQL,MySQL,MongoDB,Redis",1,"",Lâm Đồng
451,Hoàng Quang Vy,"MySQL,MongoDB,Redis,Docker,Kubernetes",2,"",Long An
452,Phan Thu An,"MongoDB,Redis,Docker,Kubernetes,AWS,GCP",3,"",Long An
453,Vũ Hồng Bình,"Redis,Docker,Kubernetes",4,"",Long An
454,Võ Tuấn Châu,"Docker,Kubernetes,AWS,GCP",5,"",Nam Định
455,Đặng Duy Dũng,"Kubernetes,AWS,GCP,Azure,Git",6,"",Nam Định
456,Bùi Ngọc Hà,"AWS,GCP,Azure,Git,HTML,CSS",7,"",Ninh Bình
457,Nguyễn Văn Hải,"GCP,Azure,Git",8,"",Ninh Bình
458,Trần Thị Hưng,"Azure,Git,HTML,CSS",9,"",Ninh Bình
459,Lê Anh Kiên,"Git,HTML,CSS,Tailwind,Sass",10,"",Ninh Thuận
460,Phạm Minh Linh,"HTML,CSS,Tailwind,Sass,REST,GraphQL",0,"",Ninh Thuận
461,Hoàng Quang Phong,"CSS,Tailwind,Sass",1,"",Nghệ An
462,Phan Thu Sơn,"Tailwind,Sass,REST,GraphQL",2,"",Nghệ An
463,Vũ Hồng Thảo,"Sass,REST,GraphQL,JavaScript,TypeScript",3,"",Nghệ An
464,Võ Tuấn Trang,"REST,GraphQL,JavaScript,TypeScript,Node.js,React",4,"",Nghệ An
465,Đặng Duy Trí,"GraphQL,JavaScript,TypeScript",5,"",Phú Thọ
466,Bùi Ngọc Vy,"JavaScript,TypeScript,Node.js,React",6,"",Phú Thọ
467,Nguyễn Văn An,"TypeScript,Node.js,React,Vue,Angular",7,"",Phú Thọ
468,Trần Thị Bình,"Node.js,React,Vue,Angular,Java,Spring Boot",8,"",Phú Yên
469,Lê Anh Châu,"React,Vue,Angular",9,"",Phú Yên
470,Phạm Minh Dũng,"Vue,Angular,Java,Spring Boot",10,"",Quảng Bình
471,Hoàng Quang Hà,"Angular,Java,Spring Boot,Python,Django",0,"",Quảng Bình
472,Phan Thu Hải,"Java,Spring Boot,Python,Django,Flask,C#",1,"",Quảng Bình
473,Vũ Hồng Hưng,"Spring Boot,Python,Django",2,"",Quảng Nam
474,Võ Tuấn Kiên,"Python,Django,Flask,C#",3,"",Quảng Nam
475,Đặng Duy Linh,"Django,Flask,C#,.NET,SQL",4,"",Quảng Nam
476,Bùi Ngọc Phong,"Flask,C#,.NET,SQL,PostgreSQL,MySQL",5,"",Quảng Ninh
477,Nguyễn Văn Sơn,"C#,.NET,SQL",6,"",Quảng Ninh
478,Trần Thị Thảo,".NET,SQL,PostgreSQL,MySQL",7,"",Quảng Ninh
479,Lê Anh Trang,"SQL,PostgreSQL,MySQL,MongoDB,Redis",8,"",Quảng Ninh
480,Phạm Minh Trí,"PostgreSQL,MySQL,MongoDB,Redis,Docker,Kubernetes",9,"",Quảng Ngãi
481,Hoàng Quang Vy,"MySQL,MongoDB,Redis",10,"",Quảng Ngãi
482,Phan Thu An,"MongoDB,Redis,Docker,Kubernetes",0,"",Quảng Trị
483,Vũ Hồng Bình,"Redis,Docker,Kubernetes,AWS,GCP",1,"",Quảng Trị
484,Võ Tuấn Châu,"Docker,Kubernetes,AWS,GCP,Azure,Git",2,"",Quảng Trị
485,Đặng Duy Dũng,"Kubernetes,AWS,GCP",3,"",Sóc Trăng
486,Bùi Ngọc Hà,"AWS,GCP,Azure,Git",4,"",Sóc Trăng
487,Phạm Minh Trí,"PostgreSQL,MySQL,MongoDB,Redis",2,"",Bạc Liêu
488,Võ Tuấn Châu,"Docker,Kubernetes,AWS,GCP",0,"",Hà Nội
489,Bùi Ngọc Phong,"Flask,C#,.NET,SQL",9,"",Bắc Giang
490,Phạm Minh Linh,"HTML,CSS,Tailwind,Sass,REST,GraphQL",1,"",Bình Dương
491,Hoàng Quang Hà,"Angular,Java,Spring Boot,Python,Django",6,"",Hà Nội
492,Hoàng Quang Vy,"MySQL,MongoDB,Redis,Docker,Kubernetes",8,"",Hà Nội
493,Võ Tuấn Châu,"Docker,Kubernetes,AWS,GCP",6,"",Bắc Ninh
494,Lê Anh Trang,"SQL,PostgreSQL,MySQL,MongoDB,Redis",8,"",Quảng Ninh
495,Vũ Hồng Thảo,"Sass,REST,GraphQL,JavaScript,TypeScript",9,"",Hà Nội
496,Trần Thị Thảo,".NET,SQL,PostgreSQL,MySQL",7,"",Quảng Ninh
497,Lê Anh Trang,"SQL,PostgreSQL,MySQL",6,"",Hà Nội
498,Lê Anh Châu,"React,Vue,Angular,Java,Spring Boot",2,"",An Giang
499,Phạm Minh Dũng,"Vue,Angular,Java,Spring Boot,Python,Django",8,"",Hà Giang
500,Vũ Hồng Thảo,"Sass,REST,GraphQL,JavaScript,TypeScript",3,"",Nghệ An
501,Nguyễn Văn Sơn,"C#,.NET,SQL",7,"",Cần Thơ
502,Đặng Duy Trí,"GraphQL,JavaScript,TypeScript",5,"",Phú Thọ
503,Võ Tuấn Trang,"REST,GraphQL,JavaScript,TypeScript,Node.js,React",5,"",Bình Định
504,Trần Thị Hưng,"Azure,Git,HTML,CSS",10,"",Bình Dương
505,Bùi Ngọc Hà,"AWS,GCP,Azure,Git",5,"",Đắk Lắk
506,Phạm Minh Dũng,"Vue,Angular,Java,Spring Boot",5,"",Hà Nội
507,Nguyễn Văn Sơn,"C#,.NET,SQL",6,"",Quảng Ninh
508,Phan Thu Hải,"Java,Spring Boot,Python,Django,Flask,C#",1,"",Quảng Bình
509,Lê Anh Kiên,"Git,HTML,CSS,Tailwind,Sass",5,"",Hà Nội
510,Võ Tuấn Kiên,"Python,Django,Flask,C#",4,"",Cần Thơ
511,Trần Thị Thảo,".NET,SQL,PostgreSQL,MySQL,MongoDB,Redis",5,"",Hà Nội
512,Võ Tuấn Kiên,"Python,Django,Flask,C#",3,"",Quảng Nam
513,Nguyễn Văn Sơn,"C#,.NET,SQL,PostgreSQL,MySQL",4,"",Hà Nội
514,Bùi Ngọc Phong,"Flask,C#,.NET,SQL,PostgreSQL,MySQL",5,"",Quảng Ninh
515,Nguyễn Văn Hải,"GCP,Azure,Git",8,"",Ninh Bình
516,Vũ Hồng Thảo,"Sass,REST,GraphQL",1,"",Đồng Nai
517,Nguyễn Văn Sơn,"C#,.NET,SQL,PostgreSQL,MySQL",10,"",Bắc Giang
518,Đặng Duy Linh,"Django,Flask,C#,.NET,SQL",4,"",Quảng Nam
519,Vũ Hồng Bình,"Redis,Docker,Kubernetes",10,"",Hà Nội
520,Nguyễn Văn Hải,"GCP,Azure,Git,HTML,CSS",0,"",Hậu Giang
521,Vũ Hồng Bình,"Redis,Docker,Kubernetes",4,"",Long An
522,Bùi Ngọc Hà,"AWS,GCP,Azure,Git,HTML,CSS",7,"",Ninh Bình
523,Hoàng Quang Vy,"MySQL,MongoDB,Redis",10,"",Quảng Ngãi
524,Lê Anh Trang,"SQL,PostgreSQL,MySQL",1,"",Bắc Kạn
525,Võ Tuấn Trang,"REST,GraphQL,JavaScript,TypeScript,Node.js,React",4,"",Nghệ An
526,Vũ Hồng Bình,"Redis,Docker,Kubernetes",5,"",Bắc Ninh
527,Hoàng Quang Phong,"CSS,Tailwind,Sass",1,"",Nghệ An
528,Hoàng Quang Vy,"MySQL,MongoDB,Redis",0,"",Đà Nẵng
529,Đặng Duy Linh,"Django,Flask,C#,.NET,SQL",5,"",Cần Thơ
530,Trần Thị Thảo,".NET,SQL,PostgreSQL,MySQL,MongoDB,Redis",0,"",Bắc Kạn
531,Hoàng Quang Hà,"Angular,Java,Spring Boot",3,"",Lai Châu
532,Đặng Duy Dũng,"Kubernetes,AWS,GCP",3,"",Sóc Trăng
533,Hoàng Quang Hà,"Angular,Java,Spring Boot",9,"",Hà Giang
534,Phan Thu Hải,"Java,Spring Boot,Python,Django",5,"",Bà Rịa - Vũng Tàu
535,Võ Tuấn Châu,"Docker,Kubernetes,AWS,GCP",5,"",Nam Định
536,Phạm Minh Linh,"HTML,CSS,Tailwind,Sass,REST,GraphQL",0,"",Ninh Thuận
537,Lê Anh Châu,"React,Vue,Angular,Java,Spring Boot",1,"",Khánh Hòa
538,Nguyễn Văn Hải,"GCP,Azure,Git",3,"",Hà Nội
539,Võ Tuấn Kiên,"Python,Django,Flask,C#",9,"",Hà Tĩnh
540,Phan Thu Hải,"Java,Spring Boot,Python,Django,Flask,C#",7,"",Hà Nội
541,Lê Anh Châu,"React,Vue,Angular",10,"",Bình Thuận
542,Lê Anh Châu,"React,Vue,Angular",9,"",Phú Yên
543,Trần Thị Hưng,"Azure,Git,HTML,CSS,Tailwind,Sass",7,"",Đắk Nông
544,Bùi Ngọc Vy,"JavaScript,TypeScript,Node.js,React",6,"",Phú Thọ
545,Võ Tuấn Châu,"Docker,Kubernetes,AWS,GCP,Azure,Git",2,"",Quảng Trị
546,Phan Thu Hải,"Java,Spring Boot,Python,Django",10,"",Hà Giang
547,Phan Thu Sơn,"Tailwind,Sass,REST,GraphQL",2,"",Nghệ An
548,Bùi Ngọc Vy,"JavaScript,TypeScript,Node.js,React",1,"",Hà Nội
549,Trần Thị Bình,"Node.js,React,Vue,Angular,Java,Spring Boot",8,"",Phú Yên
550,Bùi Ngọc Hà,"AWS,GCP,Azure,Git,HTML,CSS",8,"",Bến Tre
551,Phan Thu Hải,"Java,Spring Boot,Python,Django,Flask,C#",2,"",Cà Mau
552,Trần Thị Hưng,"Azure,Git,HTML,CSS",9,"",Ninh Bình
553,Bùi Ngọc Hà,"AWS,GCP,Azure,Git",4,"",Sóc Trăng
554,Đặng Duy Linh,"Django,Flask,C#",8,"",Bắc Giang
555,Hoàng Quang Hà,"Angular,Java,Spring Boot,Python,Django",1,"",Cà Mau
556,Võ Tuấn Kiên,"Python,Django,Flask,C#,.NET,SQL",7,"",Bà Rịa - Vũng Tàu
557,Đặng Duy Dũng,"Kubernetes,AWS,GCP,Azure,Git",1,"",Hà Nội
558,Vũ Hồng Hưng,"Spring Boot,Python,Django",2,"",Quảng Nam
559,Phạm Minh Dũng,"Vue,Angular,Java,Spring Boot",10,"",Quảng Bình
560,Đặng Duy Dũng,"Kubernetes,AWS,GCP,Azure,Git",7,"",Bến Tre
561,Phạm Minh Linh,"HTML,CSS,Tailwind,Sass,REST,GraphQL",6,"",Hà Nội
562,Võ Tuấn Châu,"Docker,Kubernetes,AWS,GCP,Azure,Git",8,"",Hải Phòng
563,Phan Thu Sơn,"Tailwind,Sass,REST,GraphQL",8,"",Hà Nội
564,Trần Thị Bình,"Node.js,React,Vue,Angular,Java,Spring Boot",9,"",Bình Thuận
565,Trần Thị Bình,"Node.js,React,Vue,Angular",0,"",Khánh Hòa
566,Đặng Duy Linh,"Django,Flask,C#,.NET,SQL",10,"",Hà Tĩnh
567,Bùi Ngọc Phong,"Flask,C#,.NET,SQL,PostgreSQL,MySQL",6,"",Cần Thơ
568,Bùi Ngọc Hà,"AWS,GCP,Azure,Git",10,"",Hậu Giang
569,Bùi Ngọc Phong,"Flask,C#,.NET,SQL,PostgreSQL,MySQL",0,"",Hà Tĩnh
570,Trần Thị Hưng,"Azure,Git,HTML,CSS,Tailwind,Sass",1,"",Hoà Bình
571,Đặng Duy Linh,"Django,Flask,C#",7,"",Lào Cai
572,Võ Tuấn Trang,"REST,GraphQL,JavaScript,TypeScript",7,"",Kiên Giang
573,Vũ Hồng Bình,"Redis,Docker,Kubernetes,AWS,GCP",2,"",Đà Nẵng
574,Phan Thu Hải,"Java,Spring Boot,Python,Django",4,"",Lai Châu
575,Nguyễn Văn Sơn,"C#,.NET,SQL,PostgreSQL,MySQL",9,"",Lào Cai
576,Trần Thị Bình,"Node.js,React,Vue,Angular,Java,Spring Boot",3,"",Hà Nội
577,Hoàng Quang Phong,"CSS,Tailwind,Sass,REST,GraphQL",4,"",Hưng Yên
578,Vũ Hồng Hưng,"Spring Boot,Python,Django,Flask,C#",6,"",Bà Rịa - Vũng Tàu
579,Phạm Minh Dũng,"Vue,Angular,Java,Spring Boot",0,"",Bình Thuận
580,Vũ Hồng Hưng,"Spring Boot,Python,Django",8,"",Hà Nội
581,Vũ Hồng Thảo,"Sass,REST,GraphQL,JavaScript,TypeScript",4,"",Bình Định
582,Phạm Minh Trí,"PostgreSQL,MySQL,MongoDB,Redis",1,"",Lâm Đồng
583,Nguyễn Văn An,"TypeScript,Node.js,React,Vue,Angular",8,"",Bình Phước
584,Vũ Hồng Hưng,"Spring Boot,Python,Django",3,"",Cà Mau
585,Bùi Ngọc Vy,"JavaScript,TypeScript,Node.js,React",7,"",Bình Phước
586,Đặng Duy Linh,"Django,Flask,C#",2,"",Hà Nội
587,Lê Anh Trang,"SQL,PostgreSQL,MySQL",0,"",Lâm Đồng
588,Phan Thu An,"MongoDB,Redis,Docker,Kubernetes,AWS,GCP",9,"",Hà Nội
589,Phan Thu Sơn,"Tailwind,Sass,REST,GraphQL,JavaScript,TypeScript",0,"",Đồng Nai
590,Phan Thu An,"MongoDB,Redis,Docker,Kubernetes,AWS,GCP",4,"",Bắc Ninh
591,Nguyễn Văn An,"TypeScript,Node.js,React,Vue,Angular",7,"",Phú Thọ
592,Phan Thu An,"MongoDB,Redis,Docker,Kubernetes",1,"",Đà Nẵng
593,Vũ Hồng Bình,"Redis,Docker,Kubernetes,AWS,GCP",1,"",Quảng Trị
594,Hoàng Quang Phong,"CSS,Tailwind,Sass,REST,GraphQL",10,"",Đồng Nai
595,Lê Anh Kiên,"Git,HTML,CSS,Tailwind,Sass",10,"",Ninh Thuận
596,Phạm Minh Linh,"HTML,CSS,Tailwind,Sass",3,"",Hưng Yên
597,Hoàng Quang Vy,"MySQL,MongoDB,Redis,Docker,Kubernetes",2,"",Long An
598,Phạm Minh Trí,"PostgreSQL,MySQL,MongoDB,Redis,Docker,Kubernetes",4,"",Hải Phòng
599,Lê Anh Kiên,"Git,HTML,CSS",2,"",Hoà Bình
600,Bùi Ngọc Hà,"AWS,GCP,Azure,Git,HTML,CSS",2,"",Hà Nội
601,Võ Tuấn Châu,"Docker,Kubernetes,AWS,GCP,Azure,Git",3,"",Đắk Lắk
602,Phạm Minh Dũng,"Vue,Angular,Java,Spring Boot,Python,Django",3,"",An Giang
603,Nguyễn Văn An,"TypeScript,Node.js,React",5,"",Gia Lai
604,Hoàng Quang Vy,"MySQL,MongoDB,Redis,Docker,Kubernetes",3,"",Bạc Liêu
605,Phan Thu Sơn,"Tailwind,Sass,REST,GraphQL",3,"",Bình Định
606,Nguyễn Văn Sơn,"C#,.NET,SQL",1,"",Hải Dương
607,Trần Thị Thảo,".NET,SQL,PostgreSQL,MySQL",8,"",Cao Bằng
608,Hoàng Quang Vy,"MySQL,MongoDB,Redis",5,"",Hải Phòng
609,Lê Anh Châu,"React,Vue,Angular",4,"",Hà Nội
610,Võ Tuấn Trang,"REST,GraphQL,JavaScript,TypeScript",2,"",Đồng Tháp
611,Lê Anh Trang,"SQL,PostgreSQL,MySQL,MongoDB,Redis",9,"",Cao Bằng
612,Phạm Minh Dũng,"Vue,Angular,Java,Spring Boot,Python,Django",2,"",Khánh Hòa
613,Bùi Ngọc Phong,"Flask,C#,.NET,SQL",3,"",Hà Nội
614,Phạm Minh Linh,"HTML,CSS,Tailwind,Sass",9,"",Điện Biên
615,Phạm Minh Trí,"PostgreSQL,MySQL,MongoDB,Redis",7,"",Hà Nội
616,Vũ Hồng Hưng,"Spring Boot,Python,Django,Flask,C#",5,"",Lạng Sơn
617,Bùi Ngọc Phong,"Flask,C#,.NET,SQL",8,"",Lào Cai
618,Vũ Hồng Hưng,"Spring Boot,Python,Django,Flask,C#",0,"",Hà Nam
619,Đặng Duy Trí,"GraphQL,JavaScript,TypeScript,Node.js,React",3,"",Đồng Tháp
620,Trần Thị Hưng,"Azure,Git,HTML,CSS",4,"",Hà Nội
621,Lê Anh Kiên,"Git,HTML,CSS",8,"",Điện Biên
622,Phan Thu Sơn,"Tailwind,Sass,REST,GraphQL,JavaScript,TypeScript",5,"",Hưng Yên
623,Hoàng Quang Phong,"CSS,Tailwind,Sass",2,"",Bình Dương
624,Nguyễn Văn Hải,"GCP,Azure,Git,HTML,CSS",6,"",Đắk Nông
625,Phan Thu An,"MongoDB,Redis,Docker,Kubernetes",0,"",Quảng Trị
626,Trần Thị Bình,"Node.js,React,Vue,Angular",6,"",Gia Lai
627,Lê Anh Trang,"SQL,PostgreSQL,MySQL,MongoDB,Redis",3,"",Hải Dương
628,Đặng Duy Trí,"GraphQL,JavaScript,TypeScript",0,"",Hà Nội
629,Vũ Hồng Thảo,"Sass,REST,GraphQL",6,"",Kiên Giang
630,Lê Anh Châu,"React,Vue,Angular,Java,Spring Boot",7,"",Gia Lai
631,Nguyễn Văn Hải,"GCP,Azure,Git",9,"",Bình Dương
632,Phạm Minh Trí,"PostgreSQL,MySQL,MongoDB,Redis,Docker,Kubernetes",9,"",Quảng Ngãi
633,Hoàng Quang Hà,"Angular,Java,Spring Boot",4,"",Bà Rịa - Vũng Tàu
634,Đặng Duy Dũng,"Kubernetes,AWS,GCP,Azure,Git",6,"",Nam Định
635,Trần Thị Thảo,".NET,SQL,PostgreSQL,MySQL,MongoDB,Redis",10,"",Lâm Đồng
636,Đặng Duy Trí,"GraphQL,JavaScript,TypeScript,Node.js,React",8,"",Kiên Giang
637,Trần Thị Thảo,".NET,SQL,PostgreSQL,MySQL",2,"",Hải Dương
638,Đặng Duy Dũng,"Kubernetes,AWS,GCP",9,"",Hậu Giang
639,Hoàng Quang Phong,"CSS,Tailwind,Sass",7,"",Hà Nội
640,Đặng Duy Dũng,"Kubernetes,AWS,GCP",4,"",Đắk Lắk
641,Võ Tuấn Kiên,"Python,Django,Flask,C#,.NET,SQL",1,"",Hà Nam
642,Đặng Duy Trí,"GraphQL,JavaScript,TypeScript",6,"",Bình Phước
643,Bùi Ngọc Vy,"JavaScript,TypeScript,Node.js,React,Vue,Angular",9,"",Kon Tum
644,Vũ Hồng Bình,"Redis,Docker,Kubernetes,AWS,GCP",7,"",Hải Phòng
645,Bùi Ngọc Vy,"JavaScript,TypeScript,Node.js,React,Vue,Angular",4,"",Đồng Tháp
646,Võ Tuấn Trang,"REST,GraphQL,JavaScript,TypeScript,Node.js,React",10,"",Hà Nội
647,Nguyễn Văn An,"TypeScript,Node.js,React",10,"",Kon Tum
648,Trần Thị Bình,"Node.js,React,Vue,Angular",1,"",An Giang
649,Nguyễn Văn An,"TypeScript,Node.js,React,Vue,Angular",2,"",Hà Nội
650,Phan Thu An,"MongoDB,Redis,Docker,Kubernetes",6,"",Hải Phòng
651,Lê Anh Kiên,"Git,HTML,CSS,Tailwind,Sass",0,"",Bình Dương
652,Võ Tuấn Kiên,"Python,Django,Flask,C#,.NET,SQL",6,"",Lạng Sơn
653,Phạm Minh Trí,"PostgreSQL,MySQL,MongoDB,Redis,Docker,Kubernetes",10,"",Đà Nẵng
654,Hoàng Quang Hà,"Angular,Java,Spring Boot,Python,Django",0,"",Quảng Bình
655,Phan Thu An,"MongoDB,Redis,Docker,Kubernetes,AWS,GCP",3,"",Long An
656,Trần Thị Hưng,"Azure,Git,HTML,CSS,Tailwind,Sass",1,"",Hoà Bình
657,Trần Thị Bình,"Node.js,React,Vue,Angular",0,"",Khánh Hòa
658,Bùi Ngọc Vy,"JavaScript,TypeScript,Node.js,React,Vue,Angular",4,"",Đồng Tháp
659,Nguyễn Văn Hải,"GCP,Azure,Git",8,"",Ninh Bình
660,Nguyễn Văn An,"TypeScript,Node.js,React,Vue,Angular",7,"",Phú Thọ
661,Lê Anh Trang,"SQL,PostgreSQL,MySQL,MongoDB,Redis",3,"",Hải Dương
662,Bùi Ngọc Vy,"JavaScript,TypeScript,Node.js,React",6,"",Phú Thọ
663,Võ Tuấn Châu,"Docker,Kubernetes,AWS,GCP",5,"",Nam Định
664,Hoàng Quang Hà,"Angular,Java,Spring Boot",3,"",Lai Châu
665,Nguyễn Văn Sơn,"C#,.NET,SQL,PostgreSQL,MySQL",10,"",Bắc Giang
666,Đặng Duy Linh,"Django,Flask,C#,.NET,SQL",10,"",Hà Tĩnh
667,Bùi Ngọc Hà,"AWS,GCP,Azure,Git",10,"",Hậu Giang
668,Lê Anh Kiên,"Git,HTML,CSS,Tailwind,Sass",5,"",Hà Nội
669,Vũ Hồng Bình,"Redis,Docker,Kubernetes",5,"",Bắc Ninh
670,Nguyễn Văn Hải,"GCP,Azure,Git,HTML,CSS",0,"",Hậu Giang
671,Vũ Hồng Thảo,"Sass,REST,GraphQL,JavaScript,TypeScript",4,"",Bình Định
672,Đặng Duy Dũng,"Kubernetes,AWS,GCP",4,"",Đắk Lắk
673,Bùi Ngọc Vy,"JavaScript,TypeScript,Node.js,React,Vue,Angular",9,"",Kon Tum
674,Hoàng Quang Hà,"Angular,Java,Spring Boot,Python,Django",1,"",Cà Mau
675,Nguyễn Văn An,"TypeScript,Node.js,React",10,"",Kon Tum
676,Đặng Duy Trí,"GraphQL,JavaScript,TypeScript",0,"",Hà Nội
677,Đặng Duy Trí,"GraphQL,JavaScript,TypeScript,Node.js,React",3,"",Đồng Tháp
678,Võ Tuấn Trang,"REST,GraphQL,JavaScript,TypeScript,Node.js,React",4,"",Nghệ An
679,Võ Tuấn Châu,"Docker,Kubernetes,AWS,GCP",6,"",Bắc Ninh
680,Đặng Duy Dũng,"Kubernetes,AWS,GCP",3,"",Sóc Trăng
681,Phan Thu Sơn,"Tailwind,Sass,REST,GraphQL",2,"",Nghệ An
682,Phan Thu An,"MongoDB,Redis,Docker,Kubernetes,AWS,GCP",4,"",Bắc Ninh
683,Võ Tuấn Kiên,"Python,Django,Flask,C#",9,"",Hà Tĩnh
684,Phan Thu Sơn,"Tailwind,Sass,REST,GraphQL",8,"",Hà Nội
685,Phạm Minh Dũng,"Vue,Angular,Java,Spring Boot",10,"",Quảng Bình
686,Phan Thu An,"MongoDB,Redis,Docker,Kubernetes",1,"",Đà Nẵng
687,Bùi Ngọc Hà,"AWS,GCP,Azure,Git",4,"",Sóc Trăng
688,Lê Anh Châu,"React,Vue,Angular",4,"",Hà Nội
689,Hoàng Quang Phong,"CSS,Tailwind,Sass",1,"",Nghệ An
690,Vũ Hồng Bình,"Redis,Docker,Kubernetes,AWS,GCP",1,"",Quảng Trị
691,Trần Thị Hưng,"Azure,Git,HTML,CSS",9,"",Ninh Bình
692,Võ Tuấn Kiên,"Python,Django,Flask,C#",4,"",Cần Thơ
693,Phạm Minh Dũng,"Vue,Angular,Java,Spring Boot,Python,Django",3,"",An Giang
694,Phan Thu An,"MongoDB,Redis,Docker,Kubernetes,AWS,GCP",9,"",Hà Nội
695,Võ Tuấn Kiên,"Python,Django,Flask,C#,.NET,SQL",1,"",Hà Nam
696,Phạm Minh Linh,"HTML,CSS,Tailwind,Sass",3,"",Hưng Yên
697,Trần Thị Bình,"Node.js,React,Vue,Angular,Java,Spring Boot",9,"",Bình Thuận
698,Trần Thị Bình,"Node.js,React,Vue,Angular,Java,Spring Boot",3,"",Hà Nội
699,Bùi Ngọc Phong,"Flask,C#,.NET,SQL",9,"",Bắc Giang
700,Võ Tuấn Kiên,"Python,Django,Flask,C#,.NET,SQL",6,"",Lạng Sơn
701,Phan Thu Hải,"Java,Spring Boot,Python,Django,Flask,C#",7,"",Hà Nội
702,Đặng Duy Dũng,"Kubernetes,AWS,GCP,Azure,Git",1,"",Hà Nội
703,Võ Tuấn Châu,"Docker,Kubernetes,AWS,GCP",0,"",Hà Nội
704,Lê Anh Trang,"SQL,PostgreSQL,MySQL",1,"",Bắc Kạn
705,Nguyễn Văn An,"TypeScript,Node.js,React",5,"",Gia Lai
706,Vũ Hồng Thảo,"Sass,REST,GraphQL,JavaScript,TypeScript",3,"",Nghệ An
707,Võ Tuấn Châu,"Docker,Kubernetes,AWS,GCP,Azure,Git",8,"",Hải Phòng
708,Vũ Hồng Bình,"Redis,Docker,Kubernetes",10,"",Hà Nội
709,Vũ Hồng Thảo,"Sass,REST,GraphQL,JavaScript,TypeScript",9,"",Hà Nội
710,Võ Tuấn Trang,"REST,GraphQL,JavaScript,TypeScript",2,"",Đồng Tháp
711,Nguyễn Văn Sơn,"C#,.NET,SQL,PostgreSQL,MySQL",4,"",Hà Nội
712,Phạm Minh Linh,"HTML,CSS,Tailwind,Sass,REST,GraphQL",0,"",Ninh Thuận
713,Bùi Ngọc Hà,"AWS,GCP,Azure,Git,HTML,CSS",7,"",Ninh Bình
714,Võ Tuấn Châu,"Docker,Kubernetes,AWS,GCP,Azure,Git",3,"",Đắk Lắk
715,Đặng Duy Linh,"Django,Flask,C#,.NET,SQL",4,"",Quảng Nam
716,Võ Tuấn Châu,"Docker,Kubernetes,AWS,GCP,Azure,Git",2,"",Quảng Trị
717,Vũ Hồng Hưng,"Spring Boot,Python,Django",2,"",Quảng Nam
718,Phạm Minh Trí,"PostgreSQL,MySQL,MongoDB,Redis,Docker,Kubernetes",10,"",Đà Nẵng
719,Lê Anh Kiên,"Git,HTML,CSS",8,"",Điện Biên
720,Phan Thu Hải,"Java,Spring Boot,Python,Django",10,"",Hà Giang
721,Võ Tuấn Kiên,"Python,Django,Flask,C#,.NET,SQL",7,"",Bà Rịa - Vũng Tàu
722,Lê Anh Châu,"React,Vue,Angular,Java,Spring Boot",2,"",An Giang
723,Phan Thu An,"MongoDB,Redis,Docker,Kubernetes",6,"",Hải Phòng
724,Vũ Hồng Hưng,"Spring Boot,Python,Django,Flask,C#",0,"",Hà Nam
725,Phạm Minh Dũng,"Vue,Angular,Java,Spring Boot",0,"",Bình Thuận
726,Phan Thu Hải,"Java,Spring Boot,Python,Django,Flask,C#",1,"",Quảng Bình
727,Trần Thị Thảo,".NET,SQL,PostgreSQL,MySQL",2,"",Hải Dương
728,Bùi Ngọc Phong,"Flask,C#,.NET,SQL",8,"",Lào Cai
729,Hoàng Quang Vy,"MySQL,MongoDB,Redis,Docker,Kubernetes",3,"",Bạc Liêu
730,Phan Thu Sơn,"Tailwind,Sass,REST,GraphQL,JavaScript,TypeScript",5,"",Hưng Yên
731,Trần Thị Thảo,".NET,SQL,PostgreSQL,MySQL",7,"",Quảng Ninh
732,Hoàng Quang Phong,"CSS,Tailwind,Sass,REST,GraphQL",4,"",Hưng Yên
733,Vũ Hồng Bình,"Redis,Docker,Kubernetes",4,"",Long An
734,Võ Tuấn Trang,"REST,GraphQL,JavaScript,TypeScript,Node.js,React",10,"",Hà Nội
735,Bùi Ngọc Vy,"JavaScript,TypeScript,Node.js,React",7,"",Bình Phước
736,Đặng Duy Linh,"Django,Flask,C#",2,"",Hà Nội
737,Đặng Duy Dũng,"Kubernetes,AWS,GCP,Azure,Git",6,"",Nam Định
738,Trần Thị Thảo,".NET,SQL,PostgreSQL,MySQL",8,"",Cao Bằng
739,Nguyễn Văn Sơn,"C#,.NET,SQL,PostgreSQL,MySQL",9,"",Lào Cai
740,Võ Tuấn Kiên,"Python,Django,Flask,C#",3,"",Quảng Nam
741,Lê Anh Châu,"React,Vue,Angular,Java,Spring Boot",7,"",Gia Lai
742,Lê Anh Trang,"SQL,PostgreSQL,MySQL,MongoDB,Redis",9,"",Cao Bằng
743,Vũ Hồng Bình,"Redis,Docker,Kubernetes,AWS,GCP",7,"",Hải Phòng
744,Trần Thị Hưng,"Azure,Git,HTML,CSS",4,"",Hà Nội
745,Phạm Minh Trí,"PostgreSQL,MySQL,MongoDB,Redis",7,"",Hà Nội
746,Nguyễn Văn Hải,"GCP,Azure,Git",3,"",Hà Nội
747,Hoàng Quang Phong,"CSS,Tailwind,Sass",2,"",Bình Dương
748,Phạm Minh Linh,"HTML,CSS,Tailwind,Sass,REST,GraphQL",1,"",Bình Dương
749,Lê Anh Châu,"React,Vue,Angular,Java,Spring Boot",1,"",Khánh Hòa
750,Hoàng Quang Vy,"MySQL,MongoDB,Redis,Docker,Kubernetes",2,"",Long An
751,Phạm Minh Trí,"PostgreSQL,MySQL,MongoDB,Redis,Docker,Kubernetes",9,"",Quảng Ngãi
752,Nguyễn Văn Sơn,"C#,.NET,SQL",1,"",Hải Dương
753,Phạm Minh Dũng,"Vue,Angular,Java,Spring Boot,Python,Django",2,"",Khánh Hòa
754,Đặng Duy Trí,"GraphQL,JavaScript,TypeScript",6,"",Bình Phước
755,Lê Anh Trang,"SQL,PostgreSQL,MySQL",6,"",Hà Nội
756,Đặng Duy Trí,"GraphQL,JavaScript,TypeScript",5,"",Phú Thọ
757,Đặng Duy Linh,"Django,Flask,C#,.NET,SQL",5,"",Cần Thơ
758,Đặng Duy Dũng,"Kubernetes,AWS,GCP,Azure,Git",7,"",Bến Tre
759,Nguyễn Văn Sơn,"C#,.NET,SQL",6,"",Quảng Ninh
760,Hoàng Quang Vy,"MySQL,MongoDB,Redis,Docker,Kubernetes",8,"",Hà Nội
761,Bùi Ngọc Phong,"Flask,C#,.NET,SQL,PostgreSQL,MySQL",6,"",Cần Thơ
762,Hoàng Quang Hà,"Angular,Java,Spring Boot",4,"",Bà Rịa - Vũng Tàu
763,Vũ Hồng Thảo,"Sass,REST,GraphQL",6,"",Kiên Giang
764,Nguyễn Văn Hải,"GCP,Azure,Git",9,"",Bình Dương
765,Hoàng Quang Vy,"MySQL,MongoDB,Redis",10,"",Quảng Ngãi
766,Phạm Minh Dũng,"Vue,Angular,Java,Spring Boot,Python,Django",8,"",Hà Giang
767,Phan Thu Sơn,"Tailwind,Sass,REST,GraphQL",3,"",Bình Định
768,Đặng Duy Linh,"Django,Flask,C#",7,"",Lào Cai
769,Bùi Ngọc Hà,"AWS,GCP,Azure,Git",5,"",Đắk Lắk
770,Võ Tuấn Trang,"REST,GraphQL,JavaScript,TypeScript",7,"",Kiên Giang
771,Trần Thị Bình,"Node.js,React,Vue,Angular",6,"",Gia Lai
772,Vũ Hồng Hưng,"Spring Boot,Python,Django",8,"",Hà Nội
773,Vũ Hồng Hưng,"Spring Boot,Python,Django,Flask,C#",6,"",Bà Rịa - Vũng Tàu
774,Phạm Minh Dũng,"Vue,Angular,Java,Spring Boot",5,"",Hà Nội
775,Hoàng Quang Hà,"Angular,Java,Spring Boot,Python,Django",6,"",Hà Nội
776,Phan Thu Hải,"Java,Spring Boot,Python,Django,Flask,C#",2,"",Cà Mau
777,Lê Anh Châu,"React,Vue,Angular",10,"",Bình Thuận
778,Bùi Ngọc Hà,"AWS,GCP,Azure,Git,HTML,CSS",2,"",Hà Nội
779,Võ Tuấn Trang,"REST,GraphQL,JavaScript,TypeScript,Node.js,React",5,"",Bình Định
780,Lê Anh Kiên,"Git,HTML,CSS",2,"",Hoà Bình
781,Trần Thị Thảo,".NET,SQL,PostgreSQL,MySQL,MongoDB,Redis",10,"",Lâm Đồng
782,Bùi Ngọc Phong,"Flask,C#,.NET,SQL",3,"",Hà Nội
783,Hoàng Quang Hà,"Angular,Java,Spring Boot,Python,Django",0,"",Quảng Bình
784,Bùi Ngọc Hà,"AWS,GCP,Azure,Git,HTML,CSS",8,"",Bến Tre
785,Hoàng Quang Phong,"CSS,Tailwind,Sass,REST,GraphQL",10,"",Đồng Nai
786,Nguyễn Văn Hải,"GCP,Azure,Git,HTML,CSS",6,"",Đắk Nông
787,Trần Thị Thảo,".NET,SQL,PostgreSQL,MySQL,MongoDB,Redis",5,"",Hà Nội
788,Lê Anh Kiên,"Git,HTML,CSS,Tailwind,Sass",10,"",Ninh Thuận
789,Trần Thị Thảo,".NET,SQL,PostgreSQL,MySQL,MongoDB,Redis",0,"",Bắc Kạn
790,Lê Anh Kiên,"Git,HTML,CSS,Tailwind,Sass",0,"",Bình Dương
791,Phạm Minh Trí,"PostgreSQL,MySQL,MongoDB,Redis",1,"",Lâm Đồng
792,Bùi Ngọc Phong,"Flask,C#,.NET,SQL,PostgreSQL,MySQL",0,"",Hà Tĩnh
793,Hoàng Quang Vy,"MySQL,MongoDB,Redis",5,"",Hải Phòng
794,Hoàng Quang Vy,"MySQL,MongoDB,Redis",0,"",Đà Nẵng
795,Đặng Duy Linh,"Django,Flask,C#",8,"",Bắc Giang
796,Phan Thu Sơn,"Tailwind,Sass,REST,GraphQL,JavaScript,TypeScript",0,"",Đồng Nai
797,Phạm Minh Linh,"HTML,CSS,Tailwind,Sass",9,"",Điện Biên
798,Phạm Minh Trí,"PostgreSQL,MySQL,MongoDB,Redis",2,"",Bạc Liêu
799,Trần Thị Hưng,"Azure,Git,HTML,CSS",10,"",Bình Dương
800,Phạm Minh Trí,"PostgreSQL,MySQL,MongoDB,Redis,Docker,Kubernetes",4,"",Hải Phòng
801,Trần Thị Bình,"Node.js,React,Vue,Angular,Java,Spring Boot",8,"",Phú Yên
802,Vũ Hồng Bình,"Redis,Docker,Kubernetes,AWS,GCP",2,"",Đà Nẵng
803,Đặng Duy Trí,"GraphQL,JavaScript,TypeScript,Node.js,React",8,"",Kiên Giang
804,Lê Anh Trang,"SQL,PostgreSQL,MySQL",0,"",Lâm Đồng
805,Phạm Minh Linh,"HTML,CSS,Tailwind,Sass,REST,GraphQL",6,"",Hà Nội
806,Phan Thu Hải,"Java,Spring Boot,Python,Django",5,"",Bà Rịa - Vũng Tàu
807,Vũ Hồng Thảo,"Sass,REST,GraphQL",1,"",Đồng Nai
808,Nguyễn Văn Sơn,"C#,.NET,SQL",7,"",Cần Thơ
809,Nguyễn Văn An,"TypeScript,Node.js,React,Vue,Angular",8,"",Bình Phước
810,Lê Anh Trang,"SQL,PostgreSQL,MySQL,MongoDB,Redis",8,"",Quảng Ninh
811,Phan Thu An,"MongoDB,Redis,Docker,Kubernetes",0,"",Quảng Trị
812,Hoàng Quang Hà,"Angular,Java,Spring Boot",9,"",Hà Giang
813,Lê Anh Châu,"React,Vue,Angular",9,"",Phú Yên
814,Bùi Ngọc Phong,"Flask,C#,.NET,SQL,PostgreSQL,MySQL",5,"",Quảng Ninh
815,Phan Thu An,"MongoDB,Redis,Docker,Kubernetes,AWS,GCP",3,"",Long An
816,Trần Thị Bình,"Node.js,React,Vue,Angular",1,"",An Giang
817,Phan Thu Hải,"Java,Spring Boot,Python,Django",4,"",Lai Châu
818,Trần Thị Hưng,"Azure,Git,HTML,CSS,Tailwind,Sass",7,"",Đắk Nông
819,Vũ Hồng Hưng,"Spring Boot,Python,Django,Flask,C#",5,"",Lạng Sơn
820,Bùi Ngọc Vy,"JavaScript,TypeScript,Node.js,React",1,"",Hà Nội
821,Hoàng Quang Phong,"CSS,Tailwind,Sass",7,"",Hà Nội
822,Đặng Duy Dũng,"Kubernetes,AWS,GCP",9,"",Hậu Giang
823,Vũ Hồng Hưng,"Spring Boot,Python,Django",3,"",Cà Mau
824,Nguyễn Văn An,"TypeScript,Node.js,React,Vue,Angular",2,"",Hà Nội
825,Phan Thu An,"MySQL,MongoDB,Redis,Docker",1,"",Đà Nẵng
826,Nguyễn Văn Sơn,"Flask,C#,.NET",1,"",Hải Dương
827,Võ Tuấn Châu,"Redis,Docker,Kubernetes,AWS,GCP,Azure",3,"",Đắk Lắk
828,Đặng Duy Dũng,"Docker,Kubernetes,AWS",4,"",Đắk Lắk
829,Phan Thu Hải,"Angular,Java,Spring Boot,Python,Django,Flask",7,"",Hà Nội
830,Phan Thu Hải,"Angular,Java,Spring Boot,Python,Django,Flask",2,"",Cà Mau
831,Vũ Hồng Thảo,"Tailwind,Sass,REST,Có kh? năng h?c h?i công ngh? m?i nhanh chóng,JavaScript",9,"",Hà Nội
832,Đặng Duy Linh,"Python,Django,Flask",8,"",Bắc Giang
833,Nguyễn Văn Hải,"AWS,GCP,Azure,Git,HTML",6,"",Đắk Nông
834,Lê Anh Trang,".NET,SQL,PostgreSQL,MySQL,MongoDB",9,"",Cao Bằng
835,Phạm Minh Trí,"SQL,PostgreSQL,MySQL,MongoDB",7,"",Hà Nội
836,Vũ Hồng Hưng,"Java,Spring Boot,Python",3,"",Cà Mau
837,Lê Anh Kiên,"Azure,Git,HTML,CSS,Tailwind",5,"",Hà Nội
838,Vũ Hồng Thảo,"Tailwind,Sass,REST,Có kh? năng h?c h?i công ngh? m?i nhanh chóng,JavaScript",4,"",Bình Định
839,Võ Tuấn Trang,"Sass,REST,Có kh? năng h?c h?i công ngh? m?i nhanh chóng,JavaScript",2,"",Đồng Tháp
840,Phan Thu An,"MySQL,MongoDB,Redis,Docker,Kubernetes,AWS",9,"",Hà Nội
841,Bùi Ngọc Vy,"Có kh? năng h?c h?i công ngh? m?i nhanh chóng,JavaScript,TypeScript,Node.js",1,"",Hà Nội
842,Võ Tuấn Châu,"Redis,Docker,Kubernetes,AWS",0,"",Hà Nội
843,Nguyễn Văn An,"JavaScript,TypeScript,Node.js",5,"",Gia Lai
844,Trần Thị Thảo,"C#,.NET,SQL,PostgreSQL",8,"",Cao Bằng
845,Hoàng Quang Phong,"HTML,CSS,Tailwind,Sass,REST",10,"",Đồng Nai
846,Nguyễn Văn An,"JavaScript,TypeScript,Node.js,React,Vue",8,"",Bình Phước
847,Bùi Ngọc Phong,"Django,Flask,C#,.NET",3,"",Hà Nội
848,Vũ Hồng Bình,"MongoDB,Redis,Docker",5,"",Bắc Ninh
849,Đặng Duy Linh,"Python,Django,Flask",2,"",Hà Nội
850,Phạm Minh Dũng,"React,Vue,Angular,Java",0,"",Bình Thuận
851,Phan Thu Sơn,"CSS,Tailwind,Sass,REST",8,"",Hà Nội
852,Lê Anh Châu,"Node.js,React,Vue,Angular,Java",2,"",An Giang
853,Phạm Minh Dũng,"React,Vue,Angular,Java,Spring Boot,Python",8,"",Hà Giang
854,Võ Tuấn Kiên,"Spring Boot,Python,Django,Flask",9,"",Hà Tĩnh
855,Trần Thị Hưng,"GCP,Azure,Git,HTML",4,"",Hà Nội
856,Võ Tuấn Trang,"Sass,REST,Có kh? năng h?c h?i công ngh? m?i nhanh chóng,JavaScript,TypeScript,Node.js",10,"",Hà Nội
857,Trần Thị Thảo,"C#,.NET,SQL,PostgreSQL,MySQL,MongoDB",5,"",Hà Nội
858,Phạm Minh Linh,"Git,HTML,CSS,Tailwind,Sass,REST",6,"",Hà Nội
859,Vũ Hồng Hưng,"Java,Spring Boot,Python,Django,Flask",6,"",Bà Rịa - Vũng Tàu
860,Hoàng Quang Hà,"Vue,Angular,Java,Spring Boot,Python",1,"",Cà Mau
861,Trần Thị Bình,"TypeScript,Node.js,React,Vue",1,"",An Giang
862,Lê Anh Châu,"Node.js,React,Vue,Angular,Java",7,"",Gia Lai
863,Phạm Minh Trí,"SQL,PostgreSQL,MySQL,MongoDB",2,"",Bạc Liêu
864,Lê Anh Châu,"Node.js,React,Vue",10,"",Bình Thuận
865,Hoàng Quang Vy,"PostgreSQL,MySQL,MongoDB",0,"",Đà Nẵng
866,Hoàng Quang Hà,"Vue,Angular,Java",9,"",Hà Giang
867,Võ Tuấn Kiên,"Spring Boot,Python,Django,Flask,C#,.NET",1,"",Hà Nam
868,Trần Thị Bình,"TypeScript,Node.js,React,Vue,Angular,Java",9,"",Bình Thuận
869,Hoàng Quang Hà,"Vue,Angular,Java,Spring Boot,Python",6,"",Hà Nội
870,Phạm Minh Trí,"SQL,PostgreSQL,MySQL,MongoDB,Redis,Docker",10,"",Đà Nẵng
871,Phạm Minh Linh,"Git,HTML,CSS,Tailwind",9,"",Điện Biên
872,Võ Tuấn Kiên,"Spring Boot,Python,Django,Flask",4,"",Cần Thơ
873,Hoàng Quang Vy,"PostgreSQL,MySQL,MongoDB,Redis,Docker",3,"",Bạc Liêu
874,Vũ Hồng Bình,"MongoDB,Redis,Docker",10,"",Hà Nội
875,Lê Anh Trang,".NET,SQL,PostgreSQL",1,"",Bắc Kạn
876,Bùi Ngọc Hà,"Kubernetes,AWS,GCP,Azure",5,"",Đắk Lắk
877,Bùi Ngọc Vy,"Có kh? năng h?c h?i công ngh? m?i nhanh chóng,JavaScript,TypeScript,Node.js",7,"",Bình Phước
878,Bùi Ngọc Hà,"Kubernetes,AWS,GCP,Azure,Git,HTML",8,"",Bến Tre
879,Phan Thu Hải,"Angular,Java,Spring Boot,Python",10,"",Hà Giang
880,Bùi Ngọc Vy,"Có kh? năng h?c h?i công ngh? m?i nhanh chóng,JavaScript,TypeScript,Node.js,React,Vue",4,"",Đồng Tháp
881,Đặng Duy Linh,"Python,Django,Flask,C#,.NET",5,"",Cần Thơ
882,Hoàng Quang Hà,"Vue,Angular,Java",4,"",Bà Rịa - Vũng Tàu
883,Võ Tuấn Châu,"Redis,Docker,Kubernetes,AWS",6,"",Bắc Ninh
884,Trần Thị Bình,"TypeScript,Node.js,React,Vue,Angular,Java",3,"",Hà Nội
885,Võ Tuấn Kiên,"Spring Boot,Python,Django,Flask,C#,.NET",7,"",Bà Rịa - Vũng Tàu
886,Hoàng Quang Phong,"HTML,CSS,Tailwind",7,"",Hà Nội
887,Lê Anh Kiên,"Azure,Git,HTML",8,"",Điện Biên
888,Trần Thị Hưng,"GCP,Azure,Git,HTML,CSS,Tailwind",7,"",Đắk Nông
889,Nguyễn Văn An,"JavaScript,TypeScript,Node.js,React,Vue",2,"",Hà Nội
890,Trần Thị Hưng,"GCP,Azure,Git,HTML",10,"",Bình Dương
891,Phan Thu Sơn,"CSS,Tailwind,Sass,REST",3,"",Bình Định
892,Bùi Ngọc Phong,"Django,Flask,C#,.NET,SQL,PostgreSQL",6,"",Cần Thơ
893,Nguyễn Văn Hải,"AWS,GCP,Azure",3,"",Hà Nội
894,Đặng Duy Trí,"REST,Có kh? năng h?c h?i công ngh? m?i nhanh chóng,JavaScript",0,"",Hà Nội
895,Trần Thị Thảo,"C#,.NET,SQL,PostgreSQL,MySQL,MongoDB",0,"",Bắc Kạn
896,Đặng Duy Trí,"REST,Có kh? năng h?c h?i công ngh? m?i nhanh chóng,JavaScript,TypeScript,Node.js",3,"",Đồng Tháp
897,Đặng Duy Trí,"REST,Có kh? năng h?c h?i công ngh? m?i nhanh chóng,JavaScript",6,"",Bình Phước
898,Nguyễn Văn Sơn,"Flask,C#,.NET,SQL,PostgreSQL",10,"",Bắc Giang
899,Đặng Duy Dũng,"Docker,Kubernetes,AWS,GCP,Azure",1,"",Hà Nội
900,Nguyễn Văn Sơn,"Flask,C#,.NET,SQL,PostgreSQL",4,"",Hà Nội
901,Phạm Minh Linh,"Git,HTML,CSS,Tailwind,Sass,REST",1,"",Bình Dương
902,Hoàng Quang Vy,"PostgreSQL,MySQL,MongoDB,Redis,Docker",8,"",Hà Nội
903,Phan Thu Sơn,"CSS,Tailwind,Sass,REST,Có kh? năng h?c h?i công ngh? m?i nhanh chóng,JavaScript",0,"",Đồng Nai
904,Phan Thu Hải,"Angular,Java,Spring Boot,Python",5,"",Bà Rịa - Vũng Tàu
905,Đặng Duy Linh,"Python,Django,Flask,C#,.NET",10,"",Hà Tĩnh
906,Lê Anh Châu,"Node.js,React,Vue",4,"",Hà Nội
907,Hoàng Quang Phong,"HTML,CSS,Tailwind",2,"",Bình Dương
908,Nguyễn Văn Hải,"AWS,GCP,Azure",9,"",Bình Dương
909,Bùi Ngọc Phong,"Django,Flask,C#,.NET,SQL,PostgreSQL",0,"",Hà Tĩnh
910,Vũ Hồng Hưng,"Java,Spring Boot,Python",8,"",Hà Nội
911,Lê Anh Kiên,"Azure,Git,HTML,CSS,Tailwind",0,"",Bình Dương
912,Võ Tuấn Trang,"Sass,REST,Có kh? năng h?c h?i công ngh? m?i nhanh chóng,JavaScript,TypeScript,Node.js",5,"",Bình Định
913,Nguyễn Văn Sơn,"Flask,C#,.NET",7,"",Cần Thơ
914,Vũ Hồng Bình,"MongoDB,Redis,Docker,Kubernetes,AWS",2,"",Đà Nẵng
915,Phạm Minh Dũng,"React,Vue,Angular,Java,Spring Boot,Python",3,"",An Giang
916,Bùi Ngọc Hà,"Kubernetes,AWS,GCP,Azure,Git,HTML",2,"",Hà Nội
917,Phạm Minh Dũng,"React,Vue,Angular,Java",5,"",Hà Nội
918,Vũ Hồng Hưng,"Java,Spring Boot,Python,Django,Flask",0,"",Hà Nam
919,Bùi Ngọc Phong,"Django,Flask,C#,.NET",9,"",Bắc Giang
920,Vũ Hồng Thảo,"Tailwind,Sass,REST",1,"",Đồng Nai
921,Phan Thu An,"MySQL,MongoDB,Redis,Docker,Kubernetes,AWS",4,"",Bắc Ninh
922,Đặng Duy Dũng,"Docker,Kubernetes,AWS,GCP,Azure",7,"",Bến Tre
923,Lê Anh Trang,".NET,SQL,PostgreSQL",6,"",Hà Nội
924,Trần Thị Bình,"TypeScript,Node.js,React,Vue",6,"",Gia Lai
